{
    "result_5000.json": {
        "NDCG": [
            0.0034076908491323115,
            0.005199167409811467
        ],
        "HR": [
            0.006,
            0.0114
        ]
    }
}